{
    "experiment2_data/C201_test": [
        [
            731.5,
            28.254,
            50
        ],
        [
            721.4,
            20.601,
            50
        ],
        [
            755.6,
            21.985,
            50
        ],
        [
            752.9,
            22.146,
            50
        ],
        [
            732.0,
            27.456,
            50
        ]
    ],
    "experiment2_data/C208_test": [
        [
            741.8,
            22.287,
            50
        ],
        [
            714.3,
            19.257,
            50
        ],
        [
            712.8999999999999,
            26.039,
            50
        ],
        [
            712.7,
            26.574,
            50
        ],
        [
            703.9000000000001,
            24.891,
            50
        ]
    ],
    "experiment2_data/R201_test": [
        [
            933.0000000000001,
            13.245,
            50
        ],
        [
            939.5,
            18.409,
            50
        ],
        [
            928.0999999999999,
            17.157,
            50
        ],
        [
            925.3000000000001,
            19.055,
            50
        ],
        [
            920.8,
            19.117,
            50
        ]
    ],
    "experiment2_data/R211_test": [
        [
            744.5000000000001,
            21.363,
            50
        ],
        [
            769.1999999999999,
            18.012,
            50
        ],
        [
            749.1,
            23.056,
            50
        ],
        [
            763.0,
            13.784,
            50
        ],
        [
            767.3,
            15.579,
            50
        ]
    ],
    "experiment2_data/RC201_test": [
        [
            1186.9,
            23.979,
            50
        ],
        [
            1138.1,
            26.415,
            50
        ],
        [
            1223.6,
            24.583,
            50
        ],
        [
            1254.1,
            17.904,
            50
        ],
        [
            1107.0,
            25.601,
            50
        ]
    ],
    "experiment2_data/RC208_test": [
        [
            930.2,
            19.57,
            50
        ],
        [
            940.8,
            28.397,
            50
        ],
        [
            930.1,
            30.49,
            50
        ],
        [
            990.2,
            29.63,
            50
        ],
        [
            938.4000000000001,
            25.091,
            50
        ]
    ]
}