{
    "experiment2_data/C201_test": [
        [
            1545.0000000000002,
            105.158,
            100
        ],
        [
            1565.0000000000002,
            106.383,
            100
        ],
        [
            1548.5999999999997,
            76.906,
            100
        ],
        [
            1532.3000000000002,
            107.075,
            100
        ],
        [
            1532.1,
            109.22,
            100
        ]
    ],
    "experiment2_data/C208_test": [
        [
            1537.3000000000002,
            97.419,
            100
        ],
        [
            1571.5,
            94.373,
            100
        ],
        [
            1525.0,
            92.902,
            100
        ],
        [
            1545.7000000000003,
            93.594,
            100
        ],
        [
            1511.1,
            92.344,
            100
        ]
    ],
    "experiment2_data/R201_test": [
        [
            1501.8999999999999,
            94.67,
            100
        ],
        [
            1476.1,
            74.583,
            100
        ],
        [
            1498.0,
            102.141,
            100
        ],
        [
            1514.5,
            98.433,
            100
        ],
        [
            1518.3,
            86.61,
            100
        ]
    ],
    "experiment2_data/R211_test": [
        [
            1194.3999999999999,
            91.224,
            100
        ],
        [
            1221.5,
            90.741,
            100
        ],
        [
            1226.3000000000002,
            95.612,
            100
        ],
        [
            1302.7,
            91.006,
            100
        ],
        [
            1249.1000000000001,
            88.961,
            100
        ]
    ],
    "experiment2_data/RC201_test": [
        [
            1990.1000000000004,
            98.386,
            100
        ],
        [
            1927.0,
            101.93,
            100
        ],
        [
            2069.3,
            89.939,
            100
        ],
        [
            1949.6000000000001,
            100.596,
            100
        ],
        [
            1963.6000000000001,
            96.997,
            100
        ]
    ],
    "experiment2_data/RC208_test": [
        [
            1734.3999999999999,
            86.44,
            100
        ],
        [
            1739.1000000000001,
            95.478,
            100
        ],
        [
            1785.1,
            92.823,
            100
        ],
        [
            1715.7000000000003,
            97.609,
            100
        ],
        [
            1736.4999999999998,
            96.024,
            100
        ]
    ]
}