{
    "experiment2_data/C201_test": [
        [
            382.29999999999995,
            4.678,
            25
        ],
        [
            382.3,
            6.969,
            25
        ],
        [
            380.79999999999995,
            6.201,
            25
        ],
        [
            382.29999999999995,
            5.745,
            25
        ],
        [
            380.79999999999995,
            5.047,
            25
        ]
    ],
    "experiment2_data/C208_test": [
        [
            361.70000000000005,
            5.838,
            25
        ],
        [
            380.5,
            5.063,
            25
        ],
        [
            381.2,
            5.106,
            25
        ],
        [
            381.20000000000005,
            6.321,
            25
        ],
        [
            386.9,
            4.094,
            25
        ]
    ],
    "experiment2_data/R201_test": [
        [
            592.0,
            3.791,
            25
        ],
        [
            575.3,
            4.451,
            25
        ],
        [
            562.3,
            4.812,
            25
        ],
        [
            562.3,
            4.277,
            25
        ],
        [
            561.9000000000001,
            4.939,
            25
        ]
    ],
    "experiment2_data/R211_test": [
        [
            407.09999999999997,
            3.177,
            25
        ],
        [
            416.1,
            5.838,
            25
        ],
        [
            400.09999999999997,
            3.908,
            25
        ],
        [
            400.1,
            5.073,
            25
        ],
        [
            407.09999999999997,
            3.523,
            25
        ]
    ],
    "experiment2_data/RC201_test": [
        [
            684.1000000000001,
            6.999,
            25
        ],
        [
            714.5,
            6.308,
            25
        ],
        [
            735.4000000000001,
            4.611,
            25
        ],
        [
            741.7,
            5.91,
            25
        ],
        [
            684.1000000000001,
            6.279,
            25
        ]
    ],
    "experiment2_data/RC208_test": [
        [
            515.5,
            6.769,
            25
        ],
        [
            515.5,
            3.486,
            25
        ],
        [
            517.0,
            7.274,
            25
        ],
        [
            519.4,
            4.577,
            25
        ],
        [
            519.4,
            3.644,
            25
        ]
    ]
}